{"val_loss": [4.0192484855651855, 2.8084917068481445], "val_accuracy": [0.09375, 0.23749999701976776], "loss": [4.699012231826782, 3.6857239484786986], "accuracy": [